<?xml version="1.0" encoding="UTF-8"?>
<project-private xmlns="http://www.netbeans.org/ns/project-private/1">
    <editor-bookmarks xmlns="http://www.netbeans.org/ns/editor-bookmarks/2" lastBookmarkId="0"/>
    <open-files xmlns="http://www.netbeans.org/ns/projectui-open-files/2">
        <group>
            <file>file:/C:/Users/Manhã/Desktop/Proj_pedido_pratica05/src/proj_pedido_pratica05/Data.java</file>
            <file>file:/C:/Users/Manhã/Desktop/Proj_pedido_pratica05/src/proj_pedido_pratica05/Proj_pedido_pratica05.java</file>
            <file>file:/C:/Users/Manhã/Desktop/Proj_pedido_pratica05/src/proj_pedido_pratica05/Cliente.java</file>
            <file>file:/C:/Users/Manhã/Desktop/Proj_pedido_pratica05/src/proj_pedido_pratica05/Item.java</file>
            <file>file:/C:/Users/Manhã/Desktop/Proj_pedido_pratica05/src/proj_pedido_pratica05/Pedido.java</file>
        </group>
    </open-files>
</project-private>
